<StructureDefinition xmlns="http://hl7.org/fhir">
  <id value="ReferralRequestTransaction" />
  <url value="http://hl7.org/fhir/us/bser/StructureDefinition/ReferralRequestTransaction" />
  <name value="BSeR Referral Request" />
  <status value="draft" />
  <publisher value="Hi3 Solutions" />
  <contact>
    <name value="AbdulMalik Shakir" />
    <telecom>
      <system value="phone" />
      <value value="6266444491" />
      <use value="work" />
    </telecom>
    <telecom>
      <system value="email" />
      <value value="abdulmalik.shakir@hi3solutions.com" />
      <use value="work" />
    </telecom>
  </contact>
  <kind value="resource" />
  <abstract value="false" />
  <contextType value="resource" />
  <context value="ReferralRequest" />
  <type value="ReferralRequest" />
  <baseDefinition value="http://hl7.org/fhir/StructureDefinition/ReferralRequest" />
  <derivation value="constraint" />
  <differential>
    <element id="ReferralRequest">
      <path value="ReferralRequest" />
    </element>
    <element id="identifier">
      <path value="ReferralRequest.identifier" />
      <short value="identifier" />
      <definition value="SHALL contain exactly one [1..1] identifier (CONF:4383-197)." />
      <min value="1" />
      <max value="1" />
    </element>
    <element id="identifier.type">
      <path value="ReferralRequest.identifier.type" />
      <short value="type" />
      <definition value="This identifier SHOULD contain zero or one [0..1] type (CONF:4383-218)." />
      <min value="0" />
      <max value="1" />
      <binding>
        <strength value="required" />
        <valueSetReference>
          <reference value="http://hl7.org/fhir/ValueSet/identifier-type" />
          <display value="FHIR IdentifierType" />
        </valueSetReference>
      </binding>
    </element>
    <element id="identifier.value">
      <path value="ReferralRequest.identifier.value" />
      <short value="value" />
      <definition value="This identifier SHALL contain exactly one [1..1] value (CONF:4383-219)." />
      <min value="1" />
      <max value="1" />
    </element>
    <element id="status">
      <path value="ReferralRequest.status" />
      <short value="status" />
      <definition value="SHALL contain exactly one [1..1] status (CONF:4383-198)." />
      <min value="1" />
      <max value="1" />
    </element>
    <element id="status.@value">
      <path value="ReferralRequest.status.value" />
      <short value="@value" />
      <definition value="This status SHALL contain exactly one [1..1] @value (CONF:4383-220)." />
      <min value="1" />
      <max value="1" />
      <binding>
        <strength value="required" />
        <valueSetReference>
          <reference value="http://hl7.org/fhir/ValueSet/request-status" />
          <display value="FHIR RequestStatus" />
        </valueSetReference>
      </binding>
    </element>
    <element id="serviceRequested">
      <path value="ReferralRequest.serviceRequested" />
      <short value="serviceRequested" />
      <definition value="SHALL contain at least one [1..*] serviceRequested (CONF:4383-200)." />
      <min value="1" />
      <max value="*" />
    </element>
    <element id="serviceRequested.coding">
      <path value="ReferralRequest.serviceRequested.coding" />
      <short value="coding" />
      <definition value="Such serviceRequesteds SHALL contain exactly one [1..1] coding (CONF:4383-216)." />
      <min value="1" />
      <max value="1" />
    </element>
    <element id="serviceRequested.coding.code">
      <path value="ReferralRequest.serviceRequested.coding.code" />
      <short value="code" />
      <definition value="This coding SHALL contain exactly one [1..1] code (CONF:4383-221)." />
      <min value="1" />
      <max value="1" />
      <binding>
        <strength value="required" />
        <valueSetReference>
          <reference value="http://hl7.org/fhir/ValueSet/c80-practice-codes" />
          <display value="FHIR c80PracticeCodes" />
        </valueSetReference>
      </binding>
    </element>
    <element id="serviceRequested.coding.display">
      <path value="ReferralRequest.serviceRequested.coding.display" />
      <short value="display" />
      <definition value="This coding SHOULD contain zero or one [0..1] display (CONF:4383-222)." />
      <min value="0" />
      <max value="1" />
    </element>
    <element id="serviceRequested.text">
      <path value="ReferralRequest.serviceRequested.text" />
      <short value="text" />
      <definition value="Such serviceRequesteds MAY contain zero or one [0..1] text (CONF:4383-223)." />
      <min value="0" />
      <max value="1" />
    </element>
    <element id="subject">
      <path value="ReferralRequest.subject" />
      <short value="subject" />
      <definition value="SHALL contain exactly one [1..1] BSeR Patient (identifier: http://hl7.org/fhir/us/bser/StructureDefinition/PatientRole) (CONF:4383-193)." />
      <min value="1" />
      <max value="1" />
      <type>
        <code value="Reference" />
        <targetProfile value="http://hl7.org/fhir/us/bser/StructureDefinition/PatientRole" />
      </type>
    </element>
    <element id="authoredOn">
      <path value="ReferralRequest.authoredOn" />
      <short value="authoredOn" />
      <definition value="SHALL contain exactly one [1..1] authoredOn (CONF:4383-201)." />
      <min value="1" />
      <max value="1" />
    </element>
    <element id="authoredOn.@value">
      <path value="ReferralRequest.authoredOn.value" />
      <short value="@value" />
      <definition value="This authoredOn SHALL contain exactly one [1..1] @value (CONF:4383-224)." />
      <min value="1" />
      <max value="1" />
    </element>
    <element id="requester">
      <path value="ReferralRequest.requester" />
      <short value="requester" />
      <definition value="SHALL contain exactly one [1..1] requester (CONF:4383-194)." />
      <min value="1" />
      <max value="1" />
    </element>
    <element id="requester.agent">
      <path value="ReferralRequest.requester.agent" />
      <short value="agent" />
      <definition value="This requester SHALL contain exactly one [1..1] BSeR Referral Initiator (identifier: http://hl7.org/fhir/us/bser/StructureDefinition/ReferralInitiatorProviderRole) (CONF:4383-195)." />
      <min value="1" />
      <max value="1" />
      <type>
        <code value="Reference" />
        <targetProfile value="http://hl7.org/fhir/us/bser/StructureDefinition/ReferralInitiatorProviderRole" />
      </type>
    </element>
    <element id="recipient">
      <path value="ReferralRequest.recipient" />
      <short value="recipient" />
      <definition value="MAY contain zero or more [0..*] BSeR Referral Recipient  (identifier: http://hl7.org/fhir/us/bser/StructureDefinition/ReferralRecipientProviderRole) (CONF:4383-196)." />
      <min value="0" />
      <max value="*" />
      <type>
        <code value="Reference" />
        <targetProfile value="http://hl7.org/fhir/us/bser/StructureDefinition/ReferralRecipientProviderRole" />
      </type>
    </element>
    <element id="reasonCode">
      <path value="ReferralRequest.reasonCode" />
      <short value="reasonCode" />
      <definition value="SHALL contain exactly one [1..1] reasonCode (CONF:4383-202)." />
      <min value="1" />
      <max value="1" />
    </element>
    <element id="reasonCode.coding">
      <path value="ReferralRequest.reasonCode.coding" />
      <short value="coding" />
      <definition value="This reasonCode SHALL contain exactly one [1..1] coding (CONF:4383-217)." />
      <min value="1" />
      <max value="1" />
    </element>
    <element id="reasonCode.coding.system">
      <path value="ReferralRequest.reasonCode.coding.system" />
      <short value="system" />
      <definition value="This coding SHOULD contain zero or one [0..1] system (CONF:4383-225)." />
      <min value="0" />
      <max value="1" />
    </element>
    <element id="reasonCode.coding.version">
      <path value="ReferralRequest.reasonCode.coding.version" />
      <short value="version" />
      <definition value="This coding MAY contain zero or one [0..1] version (CONF:4383-226)." />
      <min value="0" />
      <max value="1" />
    </element>
    <element id="reasonCode.coding.code">
      <path value="ReferralRequest.reasonCode.coding.code" />
      <short value="code" />
      <definition value="This coding SHALL contain exactly one [1..1] code (CONF:4383-227)." />
      <min value="1" />
      <max value="1" />
      <binding>
        <strength value="required" />
        <valueSetReference>
          <reference value="http://hl7.org/fhir/ValueSet/clinical-findings" />
          <display value="FHIR ClinicalFindings" />
        </valueSetReference>
      </binding>
    </element>
    <element id="reasonCode.coding.display">
      <path value="ReferralRequest.reasonCode.coding.display" />
      <short value="display" />
      <definition value="This coding SHOULD contain zero or one [0..1] display (CONF:4383-228)." />
      <min value="0" />
      <max value="1" />
    </element>
    <element id="reasonCode.text">
      <path value="ReferralRequest.reasonCode.text" />
      <short value="text" />
      <definition value="This reasonCode MAY contain zero or one [0..1] text (CONF:4383-229)." />
      <min value="0" />
      <max value="1" />
    </element>
    <element id="supportingInfo">
      <path value="ReferralRequest.supportingInfo" />
      <short value="supportingInfo" />
      <definition value="SHOULD contain zero or more [0..*] supportingInfo (CONF:4383-203)." />
      <min value="0" />
      <max value="1" />
      <type>
        <code value="Reference" />
        <targetProfile value="http://hl7.org/fhir/us/bser/StructureDefinition/ReferralRequestSupportingBundle" />
      </type>
    </element>
  </differential>
</StructureDefinition>